"","CDUID","C_YEAR","TFAREA","NTFAREA","CRPLND","NCRPLND","INSECTI","NINSECTI","REGION"
"1","1001","1996",58877,337,7212,235,431,66,"MARITIME"
"2","1001","2001",53672,301,8139,230,525,65,"MARITIME"
"3","1001","2006",39426,266,8077,196,438,38,"MARITIME"
"4","1001","2011",38070,267,7328,199,308,36,"MARITIME"
"5","1001","2016",33167,215,6234,162,125,24,"MARITIME"
"6","1002","1996",7630,29,123,14,25,5,"MARITIME"
"7","1002","2001",1716,26,342,19,27,6,"MARITIME"
"8","1004","1996",11031,65,1993,55,132,16,"MARITIME"
"9","1004","2001",12088,51,2914,38,140,13,"MARITIME"
"10","1004","2006",14874,55,4243,41,98,10,"MARITIME"
"11","1004","2011",9701,34,3360,25,61,8,"MARITIME"
"12","1004","2016",8208,30,3911,24,35,5,"MARITIME"
"13","1005","1996",14246,105,4205,76,207,18,"MARITIME"
"14","1005","2001",18308,100,5637,82,174,18,"MARITIME"
"15","1005","2006",16081,83,5030,62,217,11,"MARITIME"
"16","1005","2011",12605,77,5581,59,97,9,"MARITIME"
"17","1005","2016",13291,42,5449,33,138,8,"MARITIME"
"18","1006","1996",4033,46,895,29,31,5,"MARITIME"
"19","1006","2001",4053,42,1208,25,281,8,"MARITIME"
"20","1006","2006",5914,42,1823,29,159,8,"MARITIME"
"21","1006","2011",6057,41,1354,33,201,8,"MARITIME"
"22","1006","2016",6629,36,1476,27,280,10,"MARITIME"
"23","1007","1996",7284,87,2609,50,235,20,"MARITIME"
"24","1007","2001",6063,64,2114,44,263,18,"MARITIME"
"25","1007","2006",7935,59,2945,42,241,15,"MARITIME"
"26","1007","2011",6400,43,2358,34,187,11,"MARITIME"
"27","1007","2016",3823,30,1202,21,100,6,"MARITIME"
"28","1008","1996",5219,73,705,43,151,22,"MARITIME"
"29","1008","2001",4371,59,489,39,175,23,"MARITIME"
"30","1008","2006",5211,53,553,34,159,18,"MARITIME"
"31","1008","2011",4516,48,637,32,165,17,"MARITIME"
"32","1008","2016",3568,31,439,21,169,10,"MARITIME"
"33","1101","1996",127642,373,70923,327,18085,90,"MARITIME"
"34","1101","2001",130448,322,77155,292,18941,96,"MARITIME"
"35","1101","2006",122993,286,74688,263,17540,78,"MARITIME"
"36","1101","2011",118202,269,73184,250,13975,73,"MARITIME"
"37","1101","2016",107529,240,63573,219,16386,84,"MARITIME"
"38","1102","1996",272668,1088,175988,959,37448,272,"MARITIME"
"39","1102","2001",262118,905,176206,828,30452,226,"MARITIME"
"40","1102","2006",250749,835,172762,737,27108,175,"MARITIME"
"41","1102","2011",247805,733,175028,644,31941,169,"MARITIME"
"42","1102","2016",229261,679,161836,609,28853,146,"MARITIME"
"43","1103","1996",255055,756,174060,652,60355,329,"MARITIME"
"44","1103","2001",253571,618,180280,564,62448,283,"MARITIME"
"45","1103","2006",246143,579,175831,524,54599,225,"MARITIME"
"46","1103","2011",228317,493,162500,441,49572,179,"MARITIME"
"47","1103","2016",238700,434,174913,390,54965,158,"MARITIME"
"48","1201","2001",4723,27,312,14,156,5,"MARITIME"
"49","1202","1996",21621,133,2420,79,78,13,"MARITIME"
"50","1202","2001",16465,112,2922,80,81,12,"MARITIME"
"51","1202","2006",14715,93,3017,72,52,8,"MARITIME"
"52","1202","2011",12384,91,2628,66,32,7,"MARITIME"
"53","1203","1996",15899,132,1554,53,60,9,"MARITIME"
"54","1203","2011",13178,150,1087,51,179,8,"MARITIME"
"55","1203","2016",13498,137,1431,60,168,12,"MARITIME"
"56","1204","1996",11602,58,1668,31,234,8,"MARITIME"
"57","1204","2001",12589,46,2198,27,318,8,"MARITIME"
"58","1204","2006",13060,35,2339,19,151,3,"MARITIME"
"59","1204","2011",10954,37,1644,21,177,4,"MARITIME"
"60","1205","1996",70353,271,17970,207,1040,38,"MARITIME"
"61","1205","2001",78495,250,17839,205,2912,43,"MARITIME"
"62","1205","2006",71290,228,18699,194,1231,27,"MARITIME"
"63","1205","2011",51133,234,16706,192,968,26,"MARITIME"
"64","1205","2016",49546,218,6237,178,703,18,"MARITIME"
"65","1206","1996",82981,450,8615,200,509,26,"MARITIME"
"66","1206","2001",71157,370,9669,204,2670,60,"MARITIME"
"67","1206","2006",74715,326,9304,186,2144,39,"MARITIME"
"68","1206","2011",74514,342,9649,189,1860,33,"MARITIME"
"69","1206","2016",45268,285,7051,168,118,13,"MARITIME"
"70","1207","1996",138955,707,58288,568,17310,294,"MARITIME"
"71","1207","2001",129938,644,58972,539,19537,257,"MARITIME"
"72","1207","2006",120105,604,52961,492,10617,202,"MARITIME"
"73","1207","2011",122640,614,54974,470,10916,160,"MARITIME"
"74","1207","2016",114421,565,57642,439,11130,156,"MARITIME"
"75","1208","1996",98895,393,31253,331,794,53,"MARITIME"
"76","1208","2001",89521,336,31388,298,1041,38,"MARITIME"
"77","1208","2006",90349,343,34937,294,1195,26,"MARITIME"
"78","1208","2011",93218,342,34043,280,1574,28,"MARITIME"
"79","1209","1996",45441,210,10595,127,245,18,"MARITIME"
"80","1209","2001",32860,152,9422,101,37,10,"MARITIME"
"81","1209","2006",35280,154,9980,113,199,14,"MARITIME"
"82","1209","2011",37360,164,10966,114,403,9,"MARITIME"
"83","1209","2016",30537,160,9099,110,447,16,"MARITIME"
"84","1210","1996",133393,538,37868,428,2147,72,"MARITIME"
"85","1210","2001",129828,452,41468,386,3501,71,"MARITIME"
"86","1210","2006",125036,442,40905,383,2408,71,"MARITIME"
"87","1210","2011",143333,455,39879,397,3333,85,"MARITIME"
"88","1210","2016",121572,394,38135,337,4237,97,"MARITIME"
"89","1211","1996",181283,556,48424,506,5368,121,"MARITIME"
"90","1211","2001",170358,539,54405,504,7133,131,"MARITIME"
"91","1211","2006",180449,553,51837,518,8160,140,"MARITIME"
"92","1211","2011",224986,562,52690,516,9613,158,"MARITIME"
"93","1211","2016",227174,534,47104,480,12505,189,"MARITIME"
"94","1212","1996",79885,343,24327,289,729,31,"MARITIME"
"95","1212","2001",74498,274,22813,235,1064,25,"MARITIME"
"96","1212","2006",74137,273,22386,234,1154,35,"MARITIME"
"97","1212","2011",70601,277,20413,239,959,21,"MARITIME"
"98","1212","2016",63036,252,19380,222,978,31,"MARITIME"
"99","1213","1996",33250,100,2015,41,76,4,"MARITIME"
"100","1213","2001",35657,90,3301,51,585,14,"MARITIME"
"101","1213","2006",27967,90,3252,48,1064,15,"MARITIME"
"102","1213","2011",29297,99,2123,56,551,16,"MARITIME"
"103","1213","2016",25451,96,3074,60,686,16,"MARITIME"
"104","1214","1996",72626,247,18178,183,69,9,"MARITIME"
"105","1214","2001",73882,235,21487,196,462,17,"MARITIME"
"106","1214","2006",71719,226,19916,191,1032,24,"MARITIME"
"107","1214","2011",64413,235,19214,188,547,25,"MARITIME"
"108","1214","2016",53127,201,16537,162,655,18,"MARITIME"
"109","1215","1996",37940,130,7888,108,22,4,"MARITIME"
"110","1215","2001",40723,138,10034,123,12,3,"MARITIME"
"111","1215","2016",27802,110,7643,93,173,6,"MARITIME"
"112","1217","1996",14855,104,4310,82,62,10,"MARITIME"
"113","1217","2001",15523,97,4850,79,422,13,"MARITIME"
"114","1217","2006",15105,94,4590,70,378,8,"MARITIME"
"115","1217","2011",13420,90,3690,62,102,4,"MARITIME"
"116","1217","2016",13690,75,4286,55,238,5,"MARITIME"
"117","1302","1996",29506,150,8314,117,759,26,"MARITIME"
"118","1302","2001",26908,127,8243,104,1020,32,"MARITIME"
"119","1302","2006",25141,109,6471,84,592,16,"MARITIME"
"120","1302","2011",21244,101,5905,83,893,21,"MARITIME"
"121","1302","2016",17945,87,5405,73,1599,22,"MARITIME"
"122","1303","1996",23759,120,4832,83,652,28,"MARITIME"
"123","1303","2001",25570,102,4861,76,794,21,"MARITIME"
"124","1303","2006",21223,86,4677,63,861,19,"MARITIME"
"125","1303","2011",19516,74,5139,60,1272,15,"MARITIME"
"126","1303","2016",12189,57,3760,48,261,12,"MARITIME"
"127","1304","1996",53422,162,10623,127,601,34,"MARITIME"
"128","1304","2001",43114,118,9794,101,438,20,"MARITIME"
"129","1304","2006",45257,107,11357,89,339,16,"MARITIME"
"130","1304","2011",48066,120,10140,102,261,13,"MARITIME"
"131","1304","2016",43949,87,9895,75,327,14,"MARITIME"
"132","1305","1996",139697,525,44993,425,982,37,"MARITIME"
"133","1305","2001",144254,473,48577,414,1081,42,"MARITIME"
"134","1305","2006",152681,465,51760,382,598,28,"MARITIME"
"135","1305","2011",130617,416,46309,336,734,23,"MARITIME"
"136","1305","2016",116388,353,44939,287,669,21,"MARITIME"
"137","1306","1996",28348,139,5809,84,52,9,"MARITIME"
"138","1306","2001",29256,120,8048,90,104,5,"MARITIME"
"139","1306","2006",32869,113,7293,85,385,8,"MARITIME"
"140","1306","2011",29684,98,6432,72,88,4,"MARITIME"
"141","1306","2016",26282,93,7476,68,96,5,"MARITIME"
"142","1307","1996",114363,465,38473,346,1046,33,"MARITIME"
"143","1307","2001",116151,418,44690,364,1067,34,"MARITIME"
"144","1307","2006",114262,357,44701,308,2526,30,"MARITIME"
"145","1307","2011",108261,332,41811,277,1855,28,"MARITIME"
"146","1307","2016",88563,291,40593,254,3234,33,"MARITIME"
"147","1308","1996",51440,183,17587,150,1584,29,"MARITIME"
"148","1308","2001",47031,177,17603,155,1310,28,"MARITIME"
"149","1308","2006",47299,163,17704,144,919,28,"MARITIME"
"150","1308","2011",47893,167,14256,141,1154,31,"MARITIME"
"151","1308","2016",54338,152,16090,133,1340,34,"MARITIME"
"152","1309","1996",27279,141,7876,101,653,21,"MARITIME"
"153","1309","2001",24309,117,9179,104,941,25,"MARITIME"
"154","1309","2006",24725,100,7502,80,246,16,"MARITIME"
"155","1309","2011",37604,96,9179,86,624,20,"MARITIME"
"156","1309","2016",26173,79,7671,72,930,12,"MARITIME"
"157","1310","1996",91208,366,21041,259,1036,57,"MARITIME"
"158","1310","2001",87019,301,23823,238,1482,50,"MARITIME"
"159","1310","2006",80697,280,23541,218,682,33,"MARITIME"
"160","1310","2011",75504,268,20097,199,585,37,"MARITIME"
"161","1310","2016",62896,213,16031,159,437,23,"MARITIME"
"162","1311","1996",191055,474,87190,394,28756,163,"MARITIME"
"163","1311","2001",190909,425,91184,359,29830,158,"MARITIME"
"164","1311","2006",198411,397,91582,334,29001,132,"MARITIME"
"165","1311","2011",185962,343,88755,287,28067,111,"MARITIME"
"166","1311","2016",169515,285,85384,233,27577,82,"MARITIME"
"167","1312","1996",81710,220,40089,179,19549,109,"MARITIME"
"168","1312","2001",75191,183,38908,157,20059,112,"MARITIME"
"169","1312","2006",81721,150,43356,131,20795,89,"MARITIME"
"170","1312","2011",77772,136,40641,114,17875,65,"MARITIME"
"171","1312","2016",62715,112,37579,96,19413,53,"MARITIME"
"172","1313","1996",60680,189,23281,125,6662,63,"MARITIME"
"173","1313","2001",75863,177,32594,132,10053,56,"MARITIME"
"174","1313","2006",71173,165,29821,124,8941,47,"MARITIME"
"175","1313","2011",67565,142,25332,104,7139,36,"MARITIME"
"176","1313","2016",64648,132,24189,90,11090,27,"MARITIME"
"177","1314","1996",33632,98,12007,59,372,13,"MARITIME"
"178","1314","2001",38418,89,14963,56,829,12,"MARITIME"
"179","1314","2006",38675,92,14632,51,571,11,"MARITIME"
"180","1314","2011",37437,87,13028,44,459,9,"MARITIME"
"181","1314","2016",28371,84,7499,31,475,5,"MARITIME"
"182","1315","1996",27774,173,11496,138,2013,34,"MARITIME"
"183","1315","2001",34906,207,15431,171,2944,45,"MARITIME"
"184","1315","2006",42495,192,21193,163,4779,35,"MARITIME"
"185","1315","2011",47436,211,23715,183,5768,53,"MARITIME"
"186","1315","2016",58748,216,37467,201,9164,74,"MARITIME"
"187","2401","1996",4882,22,1467,16,89,3,"ONT/QUE"
"188","2402","2001",7791,33,2673,30,9,3,"ONT/QUE"
"189","2403","2001",8761,21,952,16,30,3,"ONT/QUE"
"190","2404","2001",7984,33,3335,26,27,3,"ONT/QUE"
"191","2405","1996",42746,137,18408,122,662,11,"ONT/QUE"
"192","2405","2001",44124,112,17900,97,593,9,"ONT/QUE"
"193","2405","2006",43153,122,22065,102,275,4,"ONT/QUE"
"194","2405","2011",37577,107,20164,93,738,7,"ONT/QUE"
"195","2405","2016",33576,92,14236,78,759,10,"ONT/QUE"
"196","2406","1996",38845,89,13078,75,451,7,"ONT/QUE"
"197","2406","2001",37653,74,13517,69,442,5,"ONT/QUE"
"198","2406","2006",34530,79,13472,68,133,5,"ONT/QUE"
"199","2406","2016",26948,66,10196,51,47,5,"ONT/QUE"
"200","2407","2001",117635,258,56175,232,134,5,"ONT/QUE"
"201","2407","2006",121944,240,58941,210,269,4,"ONT/QUE"
"202","2407","2011",110886,207,54486,183,212,7,"ONT/QUE"
"203","2407","2016",107155,207,54153,168,322,8,"ONT/QUE"
"204","2408","1996",70926,171,33631,148,42,7,"ONT/QUE"
"205","2408","2001",64655,158,33872,142,253,7,"ONT/QUE"
"206","2408","2006",63124,157,34831,133,80,4,"ONT/QUE"
"207","2409","1996",112615,321,57289,296,247,13,"ONT/QUE"
"208","2409","2001",110644,308,60612,284,299,8,"ONT/QUE"
"209","2409","2006",115922,300,69750,271,610,11,"ONT/QUE"
"210","2409","2011",99432,253,59689,222,593,7,"ONT/QUE"
"211","2409","2016",94025,233,53252,201,555,10,"ONT/QUE"
"212","2410","1996",94113,296,46563,237,169,11,"ONT/QUE"
"213","2410","2001",95167,294,48683,222,498,8,"ONT/QUE"
"214","2410","2006",94113,260,52145,196,573,3,"ONT/QUE"
"215","2410","2016",85809,225,47992,158,1033,9,"ONT/QUE"
"216","2411","1996",87390,240,38032,189,1013,18,"ONT/QUE"
"217","2411","2001",91671,231,38085,166,1403,18,"ONT/QUE"
"218","2411","2006",89275,211,41369,149,635,10,"ONT/QUE"
"219","2411","2011",80633,196,36152,136,418,6,"ONT/QUE"
"220","2411","2016",76718,189,35785,115,607,9,"ONT/QUE"
"221","2412","1996",104072,310,58917,282,2050,31,"ONT/QUE"
"222","2412","2001",98517,297,58921,261,1236,22,"ONT/QUE"
"223","2412","2006",116974,296,62924,244,953,16,"ONT/QUE"
"224","2412","2011",109499,286,60171,229,623,12,"ONT/QUE"
"225","2412","2016",103058,263,60649,203,698,13,"ONT/QUE"
"226","2413","1996",134211,367,40559,208,414,15,"ONT/QUE"
"227","2413","2001",161530,437,44640,222,988,7,"ONT/QUE"
"228","2413","2006",160768,393,43748,190,485,7,"ONT/QUE"
"229","2413","2011",161055,381,40817,178,195,4,"ONT/QUE"
"230","2414","1996",127185,518,75364,465,1090,25,"ONT/QUE"
"231","2414","2001",125671,453,79615,414,978,17,"ONT/QUE"
"232","2414","2006",123638,443,82898,391,1145,17,"ONT/QUE"
"233","2414","2011",117545,426,79009,374,541,8,"ONT/QUE"
"234","2414","2016",117001,389,78963,332,1468,20,"ONT/QUE"
"235","2415","1996",26414,85,6883,70,111,5,"ONT/QUE"
"236","2415","2001",23830,79,8387,67,13,3,"ONT/QUE"
"237","2415","2006",24288,67,6478,55,34,3,"ONT/QUE"
"238","2415","2016",23357,72,10418,60,98,3,"ONT/QUE"
"239","2416","1996",37250,162,11956,124,91,10,"ONT/QUE"
"240","2416","2001",28214,128,10798,106,166,7,"ONT/QUE"
"241","2416","2006",29088,126,12474,108,186,9,"ONT/QUE"
"242","2416","2011",30594,122,14493,96,62,5,"ONT/QUE"
"243","2416","2016",25236,107,11607,86,158,5,"ONT/QUE"
"244","2417","1996",130056,637,40165,323,495,24,"ONT/QUE"
"245","2417","2001",125510,562,41985,295,339,18,"ONT/QUE"
"246","2417","2006",122224,517,40281,240,326,15,"ONT/QUE"
"247","2417","2011",123790,532,41314,240,959,21,"ONT/QUE"
"248","2417","2016",124644,530,40109,227,276,12,"ONT/QUE"
"249","2418","1996",85194,394,36759,272,213,10,"ONT/QUE"
"250","2418","2001",79555,331,36643,231,324,15,"ONT/QUE"
"251","2418","2006",85809,342,38899,234,436,14,"ONT/QUE"
"252","2418","2011",83898,322,37592,212,773,16,"ONT/QUE"
"253","2418","2016",82839,319,38045,212,401,17,"ONT/QUE"
"254","2419","1996",179380,1038,84852,765,1597,41,"ONT/QUE"
"255","2419","2001",184995,964,96864,720,2486,39,"ONT/QUE"
"256","2419","2006",218015,981,117748,734,1559,27,"ONT/QUE"
"257","2419","2011",200063,963,108999,673,1679,34,"ONT/QUE"
"258","2419","2016",201267,956,108277,636,2458,35,"ONT/QUE"
"259","2420","1996",35425,226,19857,211,6284,144,"ONT/QUE"
"260","2420","2001",33713,187,18721,172,7077,113,"ONT/QUE"
"261","2420","2006",34671,179,20558,167,5502,104,"ONT/QUE"
"262","2420","2011",33565,185,18805,166,5694,92,"ONT/QUE"
"263","2420","2016",30892,163,18010,145,5834,83,"ONT/QUE"
"264","2421","1996",22010,103,6424,88,564,27,"ONT/QUE"
"265","2421","2001",17448,78,5964,71,273,16,"ONT/QUE"
"266","2421","2006",20580,84,6725,73,373,14,"ONT/QUE"
"267","2421","2011",16967,96,5524,76,332,15,"ONT/QUE"
"268","2421","2016",18531,99,6614,78,150,10,"ONT/QUE"
"269","2422","1996",9966,70,4018,36,799,11,"ONT/QUE"
"270","2422","2001",10871,62,3622,31,1277,8,"ONT/QUE"
"271","2422","2006",13612,54,6926,28,3768,7,"ONT/QUE"
"272","2422","2011",11480,50,5101,25,2407,4,"ONT/QUE"
"273","2422","2016",11155,48,5252,21,2566,4,"ONT/QUE"
"274","2423","1996",24949,181,12445,135,123,20,"ONT/QUE"
"275","2423","2001",23470,145,12903,110,106,11,"ONT/QUE"
"276","2423","2006",23923,177,12027,124,376,17,"ONT/QUE"
"277","2423","2011",22077,147,12462,110,1573,13,"ONT/QUE"
"278","2423","2016",26117,151,14676,102,203,11,"ONT/QUE"
"279","2424","1996",31303,196,18938,160,222,11,"ONT/QUE"
"280","2424","2001",29804,171,20016,141,157,10,"ONT/QUE"
"281","2425","1996",29619,180,15496,154,1011,42,"ONT/QUE"
"282","2425","2001",29709,161,18355,128,745,23,"ONT/QUE"
"283","2425","2006",32168,187,18026,127,531,17,"ONT/QUE"
"284","2425","2011",26977,171,17059,128,649,18,"ONT/QUE"
"285","2425","2016",25271,164,15574,127,882,22,"ONT/QUE"
"286","2426","1996",133437,802,66657,597,709,19,"ONT/QUE"
"287","2426","2001",127183,694,73261,547,313,12,"ONT/QUE"
"288","2426","2006",139809,750,82695,522,2112,16,"ONT/QUE"
"289","2426","2011",140999,744,83777,492,1263,18,"ONT/QUE"
"290","2426","2016",143457,761,85838,501,2433,24,"ONT/QUE"
"291","2427","1996",99682,537,32862,362,318,10,"ONT/QUE"
"292","2427","2001",91828,476,37606,348,299,10,"ONT/QUE"
"293","2427","2006",96585,470,41227,314,85,7,"ONT/QUE"
"294","2427","2011",99788,495,42072,300,618,7,"ONT/QUE"
"295","2427","2016",102399,544,40412,306,140,10,"ONT/QUE"
"296","2428","1996",67356,356,14155,135,32,5,"ONT/QUE"
"297","2428","2006",66026,298,14713,110,297,6,"ONT/QUE"
"298","2428","2011",71263,320,15954,105,224,3,"ONT/QUE"
"299","2428","2016",77779,352,13573,100,45,3,"ONT/QUE"
"300","2429","1996",139325,715,43328,380,1601,22,"ONT/QUE"
"301","2429","2001",136549,665,45455,413,1454,17,"ONT/QUE"
"302","2429","2006",142090,685,49409,356,1220,12,"ONT/QUE"
"303","2429","2011",143868,671,46096,320,2413,12,"ONT/QUE"
"304","2429","2016",137179,701,44134,310,1027,8,"ONT/QUE"
"305","2430","1996",153291,594,35463,319,2165,27,"ONT/QUE"
"306","2430","2001",162362,593,33515,306,1218,28,"ONT/QUE"
"307","2430","2006",155745,561,35181,263,1113,24,"ONT/QUE"
"308","2430","2011",165620,574,33062,251,729,21,"ONT/QUE"
"309","2430","2016",165259,604,34566,242,1765,17,"ONT/QUE"
"310","2431","1996",189728,825,43639,464,518,20,"ONT/QUE"
"311","2431","2001",186370,806,46945,451,1115,21,"ONT/QUE"
"312","2431","2006",185905,796,53340,422,1223,11,"ONT/QUE"
"313","2431","2011",192042,785,48913,403,1227,21,"ONT/QUE"
"314","2431","2016",182532,797,44261,374,1161,25,"ONT/QUE"
"315","2432","1996",191500,753,61104,492,946,21,"ONT/QUE"
"316","2432","2001",177808,748,71224,522,1381,24,"ONT/QUE"
"317","2432","2006",175829,675,70225,442,1732,30,"ONT/QUE"
"318","2432","2011",187866,686,74976,438,2043,30,"ONT/QUE"
"319","2432","2016",175282,672,71613,415,3188,37,"ONT/QUE"
"320","2433","1996",189529,953,93618,755,1201,44,"ONT/QUE"
"321","2433","2001",197514,856,106804,701,1845,32,"ONT/QUE"
"322","2433","2006",208002,819,118775,632,2843,36,"ONT/QUE"
"323","2433","2011",197442,786,115162,603,3545,32,"ONT/QUE"
"324","2433","2016",198595,792,116043,579,3946,33,"ONT/QUE"
"325","2434","1996",126844,571,70327,467,4028,56,"ONT/QUE"
"326","2434","2001",125374,477,69485,380,6775,43,"ONT/QUE"
"327","2434","2006",126600,470,70384,363,4686,43,"ONT/QUE"
"328","2434","2011",127304,470,70462,345,3399,40,"ONT/QUE"
"329","2434","2016",119054,447,63837,307,2168,32,"ONT/QUE"
"330","2435","1996",55431,203,25461,172,72,8,"ONT/QUE"
"331","2435","2011",49227,168,30248,139,319,5,"ONT/QUE"
"332","2436","1996",27920,150,12668,119,1022,22,"ONT/QUE"
"333","2436","2001",21966,137,11064,108,239,15,"ONT/QUE"
"334","2436","2006",7620,43,4153,35,55,4,"ONT/QUE"
"335","2436","2011",5715,34,3466,29,178,4,"ONT/QUE"
"336","2437","1996",105855,508,64047,439,1415,53,"ONT/QUE"
"337","2437","2001",104668,434,70596,384,1597,43,"ONT/QUE"
"338","2437","2006",102568,389,69372,336,1668,32,"ONT/QUE"
"339","2437","2011",97679,364,68498,296,1703,31,"ONT/QUE"
"340","2437","2016",108362,356,76709,288,3618,34,"ONT/QUE"
"341","2438","1996",131645,557,73912,497,1059,25,"ONT/QUE"
"342","2438","2001",130066,491,80289,440,1088,22,"ONT/QUE"
"343","2438","2006",134848,466,85696,408,3005,19,"ONT/QUE"
"344","2438","2011",129512,440,87131,374,2756,23,"ONT/QUE"
"345","2438","2016",134500,432,83167,360,1453,25,"ONT/QUE"
"346","2439","1996",262554,1068,128748,822,1526,36,"ONT/QUE"
"347","2439","2001",258937,993,141367,774,2603,37,"ONT/QUE"
"348","2439","2006",261664,936,147693,689,1681,38,"ONT/QUE"
"349","2439","2011",245552,873,141295,642,4196,38,"ONT/QUE"
"350","2439","2016",247485,876,139338,634,4599,43,"ONT/QUE"
"351","2440","1996",82141,298,27851,223,293,12,"ONT/QUE"
"352","2440","2001",79384,268,32658,211,274,11,"ONT/QUE"
"353","2440","2006",77869,266,35640,225,46,3,"ONT/QUE"
"354","2440","2011",74103,247,31357,195,53,3,"ONT/QUE"
"355","2440","2016",73371,246,32770,198,48,3,"ONT/QUE"
"356","2441","1996",180225,624,45978,472,7542,65,"ONT/QUE"
"357","2441","2001",162862,495,46776,399,4327,46,"ONT/QUE"
"358","2441","2006",164149,488,53221,385,2339,27,"ONT/QUE"
"359","2441","2011",153110,480,47840,371,2616,34,"ONT/QUE"
"360","2441","2016",139732,471,40041,342,2231,28,"ONT/QUE"
"361","2442","1996",130532,576,48417,436,242,19,"ONT/QUE"
"362","2442","2001",123385,494,49051,392,620,16,"ONT/QUE"
"363","2442","2006",125865,491,50854,365,159,8,"ONT/QUE"
"364","2442","2011",122567,476,49905,355,1407,13,"ONT/QUE"
"365","2442","2016",120465,457,52522,323,712,17,"ONT/QUE"
"366","2443","1996",20192,131,6611,87,759,22,"ONT/QUE"
"367","2443","2001",27478,147,10859,117,186,13,"ONT/QUE"
"368","2443","2006",17284,127,7456,85,33,5,"ONT/QUE"
"369","2443","2011",15190,101,7029,69,90,7,"ONT/QUE"
"370","2443","2016",16919,102,9967,71,106,5,"ONT/QUE"
"371","2444","1996",170833,572,66549,461,4468,71,"ONT/QUE"
"372","2444","2001",192169,581,74256,464,5057,62,"ONT/QUE"
"373","2444","2006",196674,579,86420,460,4114,57,"ONT/QUE"
"374","2444","2011",191154,556,82036,438,4980,51,"ONT/QUE"
"375","2444","2016",196383,571,88087,430,5286,47,"ONT/QUE"
"376","2445","1996",70874,348,20686,252,287,18,"ONT/QUE"
"377","2445","2001",67918,283,21511,217,813,18,"ONT/QUE"
"378","2445","2006",70774,300,24869,234,84,6,"ONT/QUE"
"379","2445","2011",64578,296,21693,212,890,13,"ONT/QUE"
"380","2445","2016",53983,288,17510,202,655,18,"ONT/QUE"
"381","2446","1996",190568,870,84350,721,5140,106,"ONT/QUE"
"382","2446","2001",178872,733,90663,648,3844,94,"ONT/QUE"
"383","2446","2006",168020,721,95299,627,4995,68,"ONT/QUE"
"384","2446","2011",170581,782,91125,644,4540,74,"ONT/QUE"
"385","2446","2016",170404,759,93363,629,7039,88,"ONT/QUE"
"386","2447","1996",86761,500,37709,342,1205,40,"ONT/QUE"
"387","2447","2001",90483,475,42821,345,1860,33,"ONT/QUE"
"388","2447","2006",92811,483,42636,353,1611,30,"ONT/QUE"
"389","2447","2011",82543,425,39792,297,1083,17,"ONT/QUE"
"390","2447","2016",76639,433,38181,306,2818,34,"ONT/QUE"
"391","2448","1996",98699,514,53089,383,1720,23,"ONT/QUE"
"392","2448","2001",94299,427,57899,361,1641,19,"ONT/QUE"
"393","2448","2006",96969,444,60900,348,1385,24,"ONT/QUE"
"394","2448","2011",96134,429,61321,336,1181,20,"ONT/QUE"
"395","2448","2016",93326,407,63001,314,2522,19,"ONT/QUE"
"396","2449","1996",209526,925,124831,774,4096,50,"ONT/QUE"
"397","2449","2001",209972,883,139900,736,4640,51,"ONT/QUE"
"398","2449","2006",204576,813,137631,657,5413,58,"ONT/QUE"
"399","2449","2011",199925,730,133805,592,5028,43,"ONT/QUE"
"400","2449","2016",187797,703,132369,575,7599,47,"ONT/QUE"
"401","2450","1996",174914,694,124317,616,5224,46,"ONT/QUE"
"402","2450","2001",184942,628,142942,558,3816,43,"ONT/QUE"
"403","2450","2006",183578,558,147819,488,5176,31,"ONT/QUE"
"404","2450","2011",171456,530,138438,457,3283,32,"ONT/QUE"
"405","2450","2016",171031,516,138116,421,8385,32,"ONT/QUE"
"406","2451","1996",108337,526,77460,451,1823,26,"ONT/QUE"
"407","2451","2001",104166,454,80333,405,1232,22,"ONT/QUE"
"408","2451","2006",125366,515,95161,438,2604,31,"ONT/QUE"
"409","2451","2011",125059,475,95704,393,2250,27,"ONT/QUE"
"410","2451","2016",125147,472,96349,402,3275,28,"ONT/QUE"
"411","2452","1996",117856,565,80913,485,6305,82,"ONT/QUE"
"412","2452","2001",119014,499,87134,437,5060,64,"ONT/QUE"
"413","2452","2006",117908,466,86854,388,5059,53,"ONT/QUE"
"414","2452","2011",108432,427,79232,357,5068,45,"ONT/QUE"
"415","2452","2016",117433,433,84979,369,8890,53,"ONT/QUE"
"416","2453","1996",95107,381,74415,339,1893,32,"ONT/QUE"
"417","2453","2001",93831,310,80085,280,2928,19,"ONT/QUE"
"418","2453","2006",100566,320,84502,274,3430,17,"ONT/QUE"
"419","2453","2011",96185,304,80844,266,1744,15,"ONT/QUE"
"420","2453","2016",96357,281,80470,248,4665,22,"ONT/QUE"
"421","2454","1996",274091,1375,222594,1155,16138,197,"ONT/QUE"
"422","2454","2001",279806,1229,233429,1033,16532,146,"ONT/QUE"
"423","2454","2006",276163,1106,238127,916,21188,168,"ONT/QUE"
"424","2454","2011",271429,1060,237208,853,18782,131,"ONT/QUE"
"425","2454","2016",286617,1124,249731,908,26378,151,"ONT/QUE"
"426","2455","1996",103293,697,78596,604,8231,212,"ONT/QUE"
"427","2455","2001",89307,543,71235,479,8158,148,"ONT/QUE"
"428","2455","2006",93604,514,74869,429,8350,148,"ONT/QUE"
"429","2455","2011",91039,477,75560,413,6727,112,"ONT/QUE"
"430","2455","2016",93136,479,76565,395,10829,117,"ONT/QUE"
"431","2456","1996",174363,717,145265,646,4426,77,"ONT/QUE"
"432","2456","2001",183385,672,156406,606,6672,72,"ONT/QUE"
"433","2456","2006",182831,618,158054,553,11835,71,"ONT/QUE"
"434","2456","2011",170709,602,149558,548,6098,55,"ONT/QUE"
"435","2456","2016",172666,582,151776,523,7397,54,"ONT/QUE"
"436","2457","1996",91761,429,76067,390,3594,68,"ONT/QUE"
"437","2457","2001",96889,453,80485,410,4076,88,"ONT/QUE"
"438","2457","2006",96767,402,82501,345,6059,69,"ONT/QUE"
"439","2457","2011",92626,384,80102,325,3784,57,"ONT/QUE"
"440","2457","2016",97856,393,84423,331,7801,62,"ONT/QUE"
"441","2458","1996",3909,35,2989,27,77,4,"ONT/QUE"
"442","2458","2001",4203,23,3410,18,180,3,"ONT/QUE"
"443","2458","2006",12574,57,9355,40,2046,10,"ONT/QUE"
"444","2458","2011",11029,56,8871,46,732,4,"ONT/QUE"
"445","2458","2016",10436,47,9410,40,1524,9,"ONT/QUE"
"446","2459","1996",51615,263,43425,231,3031,41,"ONT/QUE"
"447","2459","2001",50691,205,43957,180,4642,37,"ONT/QUE"
"448","2459","2006",47279,184,42067,167,6348,35,"ONT/QUE"
"449","2459","2011",50475,191,45579,172,1311,24,"ONT/QUE"
"450","2459","2016",50545,195,45201,162,2272,23,"ONT/QUE"
"451","2460","1996",36164,192,26825,174,3122,44,"ONT/QUE"
"452","2460","2001",41730,180,32775,158,3664,38,"ONT/QUE"
"453","2460","2006",35584,168,28545,154,2251,29,"ONT/QUE"
"454","2460","2011",34403,153,28687,134,5065,28,"ONT/QUE"
"455","2460","2016",37650,149,30786,130,5983,26,"ONT/QUE"
"456","2461","1996",56662,328,39504,293,7912,85,"ONT/QUE"
"457","2461","2001",57079,274,42294,242,8844,63,"ONT/QUE"
"458","2461","2006",55987,269,44443,229,7277,45,"ONT/QUE"
"459","2461","2011",55960,225,44028,190,8528,45,"ONT/QUE"
"460","2461","2016",54328,222,41928,186,9621,46,"ONT/QUE"
"461","2462","1996",40780,276,16628,157,191,9,"ONT/QUE"
"462","2462","2001",38085,233,18621,152,368,8,"ONT/QUE"
"463","2462","2006",35984,224,18862,149,988,11,"ONT/QUE"
"464","2462","2011",44749,238,22577,153,720,9,"ONT/QUE"
"465","2462","2016",44544,229,21847,135,1442,11,"ONT/QUE"
"466","2463","1996",94935,594,72100,487,10528,152,"ONT/QUE"
"467","2463","2001",92628,480,73918,401,10870,128,"ONT/QUE"
"468","2463","2006",97662,469,78140,368,13976,105,"ONT/QUE"
"469","2463","2011",90236,438,72452,337,12351,98,"ONT/QUE"
"470","2463","2016",96595,440,77873,347,12458,91,"ONT/QUE"
"471","2464","1996",18512,150,12792,120,731,23,"ONT/QUE"
"472","2464","2001",18511,110,11899,97,887,17,"ONT/QUE"
"473","2464","2006",16569,104,12243,86,743,14,"ONT/QUE"
"474","2464","2011",15244,97,10438,84,1508,15,"ONT/QUE"
"475","2464","2016",18649,93,14359,79,1291,14,"ONT/QUE"
"476","2465","1996",15577,202,12447,154,4468,94,"ONT/QUE"
"477","2465","2001",13462,162,10231,108,3537,73,"ONT/QUE"
"478","2465","2006",13374,152,10570,112,4112,50,"ONT/QUE"
"479","2465","2011",11890,122,8122,83,3654,38,"ONT/QUE"
"480","2465","2016",12354,119,9621,85,3623,36,"ONT/QUE"
"481","2466","1996",9357,86,6056,64,552,20,"ONT/QUE"
"482","2466","2001",4856,54,2705,43,260,14,"ONT/QUE"
"483","2466","2006",8388,73,2723,55,121,8,"ONT/QUE"
"484","2466","2011",1660,34,785,21,86,4,"ONT/QUE"
"485","2466","2016",8611,60,3801,45,128,6,"ONT/QUE"
"486","2467","1996",46082,253,39575,233,4128,69,"ONT/QUE"
"487","2467","2001",52861,217,48247,201,5790,55,"ONT/QUE"
"488","2467","2006",42147,197,38448,174,6172,49,"ONT/QUE"
"489","2467","2011",42909,176,39409,161,6062,38,"ONT/QUE"
"490","2467","2016",44333,172,41230,158,4987,32,"ONT/QUE"
"491","2468","1996",142767,773,102563,712,25445,302,"ONT/QUE"
"492","2468","2001",146083,685,110263,625,25419,270,"ONT/QUE"
"493","2468","2006",143673,607,109826,559,27692,215,"ONT/QUE"
"494","2468","2011",141620,575,108600,523,28097,178,"ONT/QUE"
"495","2468","2016",144149,551,112741,515,31690,179,"ONT/QUE"
"496","2469","1996",188292,790,115414,742,10950,152,"ONT/QUE"
"497","2469","2001",185013,695,118586,658,9327,112,"ONT/QUE"
"498","2469","2006",178815,648,113844,594,7961,110,"ONT/QUE"
"499","2469","2011",180140,626,118714,568,10111,111,"ONT/QUE"
"500","2469","2016",178232,597,118035,540,12502,100,"ONT/QUE"
"501","2470","1996",85529,395,74181,366,6485,47,"ONT/QUE"
"502","2470","2001",87459,348,78476,334,7823,49,"ONT/QUE"
"503","2470","2006",87040,325,76360,301,4873,44,"ONT/QUE"
"504","2470","2011",80916,290,71979,272,5106,28,"ONT/QUE"
"505","2470","2016",88641,291,79756,275,4337,29,"ONT/QUE"
"506","2471","1996",120689,620,98545,529,3030,61,"ONT/QUE"
"507","2471","2001",125384,536,103473,470,6305,53,"ONT/QUE"
"508","2471","2006",128026,492,107873,416,7183,41,"ONT/QUE"
"509","2471","2011",134186,471,113882,397,10441,60,"ONT/QUE"
"510","2471","2016",125822,437,109762,377,10383,53,"ONT/QUE"
"511","2472","1996",38326,362,25487,332,6331,199,"ONT/QUE"
"512","2472","2001",37703,315,25607,280,6361,180,"ONT/QUE"
"513","2472","2006",38870,304,25928,270,7030,159,"ONT/QUE"
"514","2472","2011",33032,276,21678,243,5912,127,"ONT/QUE"
"515","2472","2016",34718,262,22644,224,6677,110,"ONT/QUE"
"516","2473","1996",21980,127,9977,106,1368,44,"ONT/QUE"
"517","2473","2001",15219,99,9704,78,1312,29,"ONT/QUE"
"518","2473","2006",14483,91,9318,78,1217,29,"ONT/QUE"
"519","2473","2011",13967,87,9905,75,1047,30,"ONT/QUE"
"520","2473","2016",17001,79,11902,69,693,18,"ONT/QUE"
"521","2474","1996",77534,477,52457,410,2755,82,"ONT/QUE"
"522","2474","2001",75537,407,54755,343,2348,71,"ONT/QUE"
"523","2474","2006",72739,373,54548,316,3369,51,"ONT/QUE"
"524","2474","2011",73580,370,55727,316,2561,45,"ONT/QUE"
"525","2474","2016",78493,362,56692,298,3395,53,"ONT/QUE"
"526","2475","1996",10543,101,3628,58,71,6,"ONT/QUE"
"527","2475","2001",10105,82,3615,54,33,7,"ONT/QUE"
"528","2475","2006",8828,79,4015,55,251,8,"ONT/QUE"
"529","2475","2016",9332,69,3028,47,776,5,"ONT/QUE"
"530","2476","1996",62320,253,28173,209,338,9,"ONT/QUE"
"531","2476","2001",56487,221,29364,199,556,11,"ONT/QUE"
"532","2476","2006",56700,209,30107,184,1275,10,"ONT/QUE"
"533","2476","2011",54052,207,29118,173,532,11,"ONT/QUE"
"534","2476","2016",52603,186,31198,152,444,14,"ONT/QUE"
"535","2478","1996",32229,134,6898,88,41,8,"ONT/QUE"
"536","2478","2001",34009,147,7783,93,20,8,"ONT/QUE"
"537","2478","2006",32621,134,9135,88,100,6,"ONT/QUE"
"538","2478","2011",24649,112,5471,68,62,3,"ONT/QUE"
"539","2478","2016",27457,118,5716,79,67,4,"ONT/QUE"
"540","2479","1996",86277,286,25977,223,119,7,"ONT/QUE"
"541","2479","2001",91359,265,29170,217,283,12,"ONT/QUE"
"542","2479","2006",89156,258,29598,196,363,11,"ONT/QUE"
"543","2479","2011",80621,244,28875,179,41,5,"ONT/QUE"
"544","2479","2016",74996,242,27781,176,33,9,"ONT/QUE"
"545","2480","1996",92855,389,35791,338,749,21,"ONT/QUE"
"546","2480","2001",85044,308,32471,261,1138,21,"ONT/QUE"
"547","2480","2006",81885,283,34879,243,1229,15,"ONT/QUE"
"548","2480","2011",78602,281,34945,235,1045,16,"ONT/QUE"
"549","2480","2016",69513,256,29272,208,492,14,"ONT/QUE"
"550","2481","1996",23349,113,10308,88,69,5,"ONT/QUE"
"551","2481","2001",19250,98,9267,85,123,6,"ONT/QUE"
"552","2481","2006",18272,90,8745,67,298,6,"ONT/QUE"
"553","2481","2011",14377,84,7063,63,186,4,"ONT/QUE"
"554","2481","2016",16294,79,9449,65,257,7,"ONT/QUE"
"555","2482","1996",98368,402,34689,332,821,12,"ONT/QUE"
"556","2482","2001",94765,322,36386,281,614,17,"ONT/QUE"
"557","2482","2006",95130,307,38529,269,183,10,"ONT/QUE"
"558","2482","2011",89771,302,38075,260,246,10,"ONT/QUE"
"559","2482","2016",74467,276,31396,239,1625,15,"ONT/QUE"
"560","2483","1996",105690,240,28088,213,21,5,"ONT/QUE"
"561","2483","2001",100271,205,25107,185,87,4,"ONT/QUE"
"562","2483","2006",102912,208,29613,181,118,8,"ONT/QUE"
"563","2483","2011",89573,196,26539,170,52,3,"ONT/QUE"
"564","2483","2016",77179,169,23394,150,12,4,"ONT/QUE"
"565","2484","1996",141850,441,50459,386,309,13,"ONT/QUE"
"566","2484","2001",140763,358,53115,339,162,7,"ONT/QUE"
"567","2484","2006",132819,329,54714,302,632,17,"ONT/QUE"
"568","2484","2011",130775,304,54549,276,303,5,"ONT/QUE"
"569","2484","2016",119822,275,54104,254,891,18,"ONT/QUE"
"570","2485","1996",172176,322,74769,302,1585,15,"ONT/QUE"
"571","2485","2001",167851,292,78746,272,1626,11,"ONT/QUE"
"572","2485","2006",179646,284,89745,250,2243,9,"ONT/QUE"
"573","2485","2011",162706,247,83587,223,2218,18,"ONT/QUE"
"574","2485","2016",152560,219,81765,196,2058,17,"ONT/QUE"
"575","2487","1996",142202,238,58363,213,257,5,"ONT/QUE"
"576","2487","2001",156849,215,67652,197,96,3,"ONT/QUE"
"577","2488","2016",89515,134,37408,124,156,3,"ONT/QUE"
"578","2489","2001",26494,41,10452,38,121,3,"ONT/QUE"
"579","2491","2001",78691,211,50327,193,25,7,"ONT/QUE"
"580","2491","2006",87549,200,55408,182,64,5,"ONT/QUE"
"581","2491","2016",84293,222,54356,209,1762,15,"ONT/QUE"
"582","2492","1996",146585,287,79873,269,1640,16,"ONT/QUE"
"583","2492","2001",142122,257,83020,247,2003,14,"ONT/QUE"
"584","2492","2006",139186,258,85484,252,2037,15,"ONT/QUE"
"585","2492","2011",141960,270,81694,259,4100,19,"ONT/QUE"
"586","2492","2016",141897,293,78982,286,4556,28,"ONT/QUE"
"587","2493","1996",127810,406,74000,384,751,18,"ONT/QUE"
"588","2493","2001",126253,363,78259,337,1131,12,"ONT/QUE"
"589","2493","2006",128094,325,84508,301,1148,12,"ONT/QUE"
"590","2493","2011",129084,329,87252,303,1919,20,"ONT/QUE"
"591","2493","2016",130001,301,86261,278,4927,36,"ONT/QUE"
"592","2494","1996",117423,372,52956,325,3255,38,"ONT/QUE"
"593","2494","2001",114383,333,56424,297,5113,38,"ONT/QUE"
"594","2494","2006",120100,324,62518,282,3705,30,"ONT/QUE"
"595","2494","2011",134919,334,74127,285,5221,29,"ONT/QUE"
"596","2494","2016",125102,330,70768,293,4708,35,"ONT/QUE"
"597","2496","1996",10964,23,1581,18,243,7,"ONT/QUE"
"598","2496","2006",20842,37,3038,30,319,6,"ONT/QUE"
"599","2496","2011",19843,46,6032,36,245,4,"ONT/QUE"
"600","2496","2016",13936,44,5237,42,287,6,"ONT/QUE"
"601","3501","1996",477522,2113,319334,1899,17414,184,"ONT/QUE"
"602","3501","2001",496498,1939,351383,1831,26778,173,"ONT/QUE"
"603","3501","2006",494589,1811,351531,1655,35818,195,"ONT/QUE"
"604","3501","2011",477607,1577,357758,1453,26952,143,"ONT/QUE"
"605","3501","2016",475571,1464,367943,1342,77135,269,"ONT/QUE"
"606","3502","1996",288900,1239,203750,1103,9374,81,"ONT/QUE"
"607","3502","2001",297384,1148,229075,1061,10041,93,"ONT/QUE"
"608","3502","2006",296476,1052,232228,932,9469,72,"ONT/QUE"
"609","3502","2011",298666,987,244185,870,15367,64,"ONT/QUE"
"610","3502","2016",306009,907,251453,809,31011,102,"ONT/QUE"
"611","3506","1996",296807,1455,175254,1239,11950,132,"ONT/QUE"
"612","3506","2001",297644,1318,198311,1172,12420,131,"ONT/QUE"
"613","3506","2006",283366,1267,194360,1099,19773,143,"ONT/QUE"
"614","3506","2011",268325,1128,194365,973,21208,113,"ONT/QUE"
"615","3506","2016",252423,1045,191447,901,38122,161,"ONT/QUE"
"616","3507","1996",342440,1493,139981,1242,4416,79,"ONT/QUE"
"617","3507","2001",336650,1348,156021,1199,6133,78,"ONT/QUE"
"618","3507","2006",328040,1303,152714,1117,6549,54,"ONT/QUE"
"619","3507","2011",297317,1165,143035,997,8887,63,"ONT/QUE"
"620","3507","2016",276123,1032,140315,887,19955,88,"ONT/QUE"
"621","3509","1996",256485,1065,85052,884,1926,35,"ONT/QUE"
"622","3509","2001",241972,910,86339,784,2054,29,"ONT/QUE"
"623","3509","2006",232575,874,86510,732,2034,35,"ONT/QUE"
"624","3509","2011",207498,789,81489,646,5507,34,"ONT/QUE"
"625","3509","2016",186806,705,75864,575,9158,40,"ONT/QUE"
"626","3510","1996",216653,823,75800,683,845,30,"ONT/QUE"
"627","3510","2001",205542,699,77995,614,1797,22,"ONT/QUE"
"628","3510","2006",197128,672,81645,589,1059,17,"ONT/QUE"
"629","3510","2011",175474,621,72952,535,604,11,"ONT/QUE"
"630","3510","2016",152949,538,70814,475,2348,18,"ONT/QUE"
"631","3511","1996",209434,753,86989,652,1844,38,"ONT/QUE"
"632","3511","2001",197441,629,89242,548,1595,26,"ONT/QUE"
"633","3511","2006",185835,617,91669,534,5225,30,"ONT/QUE"
"634","3511","2011",166691,561,86421,485,7835,31,"ONT/QUE"
"635","3511","2016",151327,537,81447,470,12152,49,"ONT/QUE"
"636","3512","1996",312343,1353,126286,1158,2711,69,"ONT/QUE"
"637","3512","2001",306068,1190,141792,1063,2553,61,"ONT/QUE"
"638","3512","2006",301187,1146,141009,1005,3792,61,"ONT/QUE"
"639","3512","2011",279263,1097,136308,958,4495,54,"ONT/QUE"
"640","3512","2016",253961,974,124247,838,17139,104,"ONT/QUE"
"641","3513","1996",148286,618,88037,526,4134,88,"ONT/QUE"
"642","3513","2001",143223,535,91976,487,4131,61,"ONT/QUE"
"643","3513","2006",145610,520,92451,470,6882,69,"ONT/QUE"
"644","3513","2011",130771,477,86317,423,4987,76,"ONT/QUE"
"645","3513","2016",125948,432,86027,392,22381,93,"ONT/QUE"
"646","3514","1996",274809,1366,161036,1191,15978,193,"ONT/QUE"
"647","3514","2001",253665,1104,156763,980,9074,108,"ONT/QUE"
"648","3514","2006",241159,1031,151617,910,11738,102,"ONT/QUE"
"649","3514","2011",240881,974,154349,844,10017,73,"ONT/QUE"
"650","3514","2016",231606,954,154488,848,30684,158,"ONT/QUE"
"651","3515","1996",261673,1369,114514,1167,4220,64,"ONT/QUE"
"652","3515","2001",258642,1202,124517,1088,2146,50,"ONT/QUE"
"653","3515","2006",249429,1192,120578,1052,1226,37,"ONT/QUE"
"654","3515","2011",228936,1053,117392,928,2792,34,"ONT/QUE"
"655","3515","2016",202240,941,110042,812,11079,62,"ONT/QUE"
"656","3516","1996",378692,1710,156524,1470,5090,91,"ONT/QUE"
"657","3516","2001",360690,1516,162115,1339,9017,65,"ONT/QUE"
"658","3516","2006",356946,1537,171467,1350,5904,69,"ONT/QUE"
"659","3516","2011",326092,1366,162574,1191,8782,71,"ONT/QUE"
"660","3516","2016",309405,1265,168272,1100,30652,120,"ONT/QUE"
"661","3518","1996",336857,2001,212325,1627,15600,238,"ONT/QUE"
"662","3518","2001",330286,1709,221965,1456,20653,200,"ONT/QUE"
"663","3518","2006",326702,1686,228459,1397,25376,176,"ONT/QUE"
"664","3518","2011",297012,1454,209570,1182,20500,133,"ONT/QUE"
"665","3518","2016",292815,1323,215608,1078,53117,198,"ONT/QUE"
"666","3519","1996",193686,1211,131647,902,13054,211,"ONT/QUE"
"667","3519","2001",175965,1020,129718,825,15055,196,"ONT/QUE"
"668","3519","2006",167076,972,119294,756,21867,171,"ONT/QUE"
"669","3519","2011",153559,828,116571,653,17963,126,"ONT/QUE"
"670","3519","2016",142585,712,108102,555,28092,138,"ONT/QUE"
"671","3520","2016",5240,73,2906,46,250,6,"ONT/QUE"
"672","3521","1996",120026,689,84009,540,9781,121,"ONT/QUE"
"673","3521","2001",104433,522,78118,434,4742,88,"ONT/QUE"
"674","3521","2006",95289,483,73481,381,6718,74,"ONT/QUE"
"675","3521","2011",93843,440,74193,343,14994,53,"ONT/QUE"
"676","3521","2016",83339,408,67408,329,22795,86,"ONT/QUE"
"677","3522","1996",222183,1039,125731,879,12146,116,"ONT/QUE"
"678","3522","2001",193162,898,130951,791,9363,63,"ONT/QUE"
"679","3522","2006",190607,893,132138,764,17900,81,"ONT/QUE"
"680","3522","2011",172344,795,120956,681,12797,63,"ONT/QUE"
"681","3522","2016",156593,690,117272,586,30359,106,"ONT/QUE"
"682","3523","1996",484516,2810,360548,2495,24822,315,"ONT/QUE"
"683","3523","2001",471389,2616,370553,2342,25412,278,"ONT/QUE"
"684","3523","2006",485862,2588,386414,2236,39367,294,"ONT/QUE"
"685","3523","2011",499176,2511,402894,2195,38821,304,"ONT/QUE"
"686","3523","2016",466400,2348,380733,2032,94359,567,"ONT/QUE"
"687","3524","1996",109187,720,77379,564,7908,124,"ONT/QUE"
"688","3524","2001",98758,619,75290,506,16445,94,"ONT/QUE"
"689","3524","2006",88899,566,67486,433,13365,74,"ONT/QUE"
"690","3524","2011",79567,469,61673,371,19104,71,"ONT/QUE"
"691","3524","2016",68676,451,52602,338,23959,71,"ONT/QUE"
"692","3525","1996",147980,1228,105551,993,18417,308,"ONT/QUE"
"693","3525","2001",138879,1026,103963,826,17124,227,"ONT/QUE"
"694","3525","2006",133205,975,102671,766,16510,184,"ONT/QUE"
"695","3525","2011",130589,885,104622,679,13850,142,"ONT/QUE"
"696","3525","2016",128532,810,104136,638,38692,185,"ONT/QUE"
"697","3526","1996",229832,2672,156171,2197,40263,1178,"ONT/QUE"
"698","3526","2001",232817,2266,181064,1891,34577,963,"ONT/QUE"
"699","3526","2006",231728,2236,180200,1832,49355,784,"ONT/QUE"
"700","3526","2011",222911,2014,182081,1609,40373,629,"ONT/QUE"
"701","3526","2016",218251,1827,181507,1470,71365,639,"ONT/QUE"
"702","3528","1996",530464,2985,379949,2734,76419,1107,"ONT/QUE"
"703","3528","2001",515099,2602,400381,2388,76560,950,"ONT/QUE"
"704","3528","2006",502698,2415,400599,2155,90938,758,"ONT/QUE"
"705","3528","2011",480155,2180,385896,1948,92441,500,"ONT/QUE"
"706","3528","2016",462358,2148,379755,1919,136766,699,"ONT/QUE"
"707","3529","1996",177287,984,137339,872,23608,296,"ONT/QUE"
"708","3529","2001",158693,817,129048,735,21251,213,"ONT/QUE"
"709","3529","2006",167356,818,138379,709,29341,175,"ONT/QUE"
"710","3529","2011",160739,719,137543,640,25566,154,"ONT/QUE"
"711","3529","2016",165270,712,139429,624,53550,222,"ONT/QUE"
"712","3530","1996",234406,1590,182881,1418,9890,282,"ONT/QUE"
"713","3530","2001",225800,1444,180274,1300,12351,249,"ONT/QUE"
"714","3530","2006",226384,1444,177072,1261,19984,253,"ONT/QUE"
"715","3530","2011",221087,1389,179312,1229,17639,246,"ONT/QUE"
"716","3530","2016",214975,1374,175001,1211,48263,366,"ONT/QUE"
"717","3531","1996",510327,2832,427117,2628,46654,525,"ONT/QUE"
"718","3531","2001",502926,2570,430311,2430,42915,399,"ONT/QUE"
"719","3531","2006",498161,2438,427832,2209,62462,430,"ONT/QUE"
"720","3531","2011",506291,2252,442972,2065,62732,373,"ONT/QUE"
"721","3531","2016",518023,2231,453605,2038,155388,731,"ONT/QUE"
"722","3532","1996",440913,2342,364230,2118,95120,850,"ONT/QUE"
"723","3532","2001",445458,2104,374848,1950,80642,676,"ONT/QUE"
"724","3532","2006",415974,1990,355826,1753,87988,555,"ONT/QUE"
"725","3532","2011",395950,1815,341114,1632,73682,402,"ONT/QUE"
"726","3532","2016",444142,1876,386041,1707,171576,711,"ONT/QUE"
"727","3534","1996",400584,1808,315586,1680,60303,577,"ONT/QUE"
"728","3534","2001",382786,1608,310254,1509,49689,463,"ONT/QUE"
"729","3534","2006",393595,1489,322466,1370,73659,427,"ONT/QUE"
"730","3534","2011",361196,1346,299585,1229,68123,351,"ONT/QUE"
"731","3534","2016",377269,1363,315387,1239,153839,574,"ONT/QUE"
"732","3536","1996",584765,2690,528602,2612,72820,702,"ONT/QUE"
"733","3536","2001",552402,2352,515048,2300,77873,583,"ONT/QUE"
"734","3536","2006",553769,2196,517600,2114,117911,753,"ONT/QUE"
"735","3536","2011",546615,2049,513961,1964,101859,494,"ONT/QUE"
"736","3536","2016",590346,2211,554249,2129,203307,841,"ONT/QUE"
"737","3537","1996",351414,2109,324683,1977,39138,524,"ONT/QUE"
"738","3537","2001",334122,1789,314286,1653,38157,428,"ONT/QUE"
"739","3537","2006",329776,1740,306880,1588,54015,436,"ONT/QUE"
"740","3537","2011",328580,1581,307574,1423,42584,266,"ONT/QUE"
"741","3537","2016",350218,1630,328174,1496,102886,415,"ONT/QUE"
"742","3538","1996",596270,2622,490595,2485,38633,332,"ONT/QUE"
"743","3538","2001",604555,2427,516408,2324,41021,306,"ONT/QUE"
"744","3538","2006",589407,2281,503446,2136,97327,497,"ONT/QUE"
"745","3538","2011",591862,2153,513043,2053,67058,309,"ONT/QUE"
"746","3538","2016",591591,2091,518698,2000,182305,688,"ONT/QUE"
"747","3539","1996",641403,2987,518301,2729,90360,812,"ONT/QUE"
"748","3539","2001",620321,2640,512882,2446,81252,669,"ONT/QUE"
"749","3539","2006",617258,2525,516840,2266,125662,689,"ONT/QUE"
"750","3539","2011",609344,2352,519046,2140,101643,508,"ONT/QUE"
"751","3539","2016",615906,2335,527841,2140,241392,913,"ONT/QUE"
"752","3540","1996",733924,3150,580317,2848,65717,627,"ONT/QUE"
"753","3540","2001",719066,2880,585050,2656,63883,510,"ONT/QUE"
"754","3540","2006",723533,2738,593175,2444,100977,580,"ONT/QUE"
"755","3540","2011",725546,2467,605875,2224,100479,426,"ONT/QUE"
"756","3540","2016",735696,2500,617278,2266,227239,896,"ONT/QUE"
"757","3541","1996",627799,2568,351136,2332,21059,232,"ONT/QUE"
"758","3541","2001",611461,2345,369900,2168,17577,211,"ONT/QUE"
"759","3541","2006",613156,2259,380942,2053,38409,259,"ONT/QUE"
"760","3541","2011",583239,2011,382155,1823,50873,235,"ONT/QUE"
"761","3541","2016",558356,1928,382356,1754,100413,450,"ONT/QUE"
"762","3542","1996",600416,3134,297847,2792,13744,269,"ONT/QUE"
"763","3542","2001",593121,2834,317132,2602,12795,220,"ONT/QUE"
"764","3542","2006",567212,2687,308671,2403,12410,182,"ONT/QUE"
"765","3542","2011",490707,2248,280499,1990,13516,152,"ONT/QUE"
"766","3542","2016",495483,2304,299952,2017,48866,302,"ONT/QUE"
"767","3543","1996",550393,2773,351910,2376,37313,388,"ONT/QUE"
"768","3543","2001",540870,2463,359913,2148,39093,313,"ONT/QUE"
"769","3543","2006",533753,2402,364861,2051,42588,279,"ONT/QUE"
"770","3543","2011",510584,2189,363436,1875,46859,241,"ONT/QUE"
"771","3543","2016",496043,1974,372901,1684,114527,385,"ONT/QUE"
"772","3544","1996",41500,260,7492,146,97,9,"ONT/QUE"
"773","3544","2001",34779,201,7754,138,121,9,"ONT/QUE"
"774","3544","2006",38759,199,9680,125,88,5,"ONT/QUE"
"775","3544","2016",23575,162,7780,98,99,4,"ONT/QUE"
"776","3546","1996",16145,87,1952,43,8,6,"ONT/QUE"
"777","3546","2006",15309,84,1626,39,56,4,"ONT/QUE"
"778","3547","1996",412558,1532,141059,1305,2235,48,"ONT/QUE"
"779","3547","2001",402978,1342,152126,1197,1731,49,"ONT/QUE"
"780","3547","2006",387731,1268,159755,1129,2624,43,"ONT/QUE"
"781","3547","2011",366550,1179,154088,1043,3477,33,"ONT/QUE"
"782","3547","2016",326935,1029,147277,900,10273,67,"ONT/QUE"
"783","3548","1996",87657,299,32826,247,133,10,"ONT/QUE"
"784","3548","2001",83170,284,34310,249,199,7,"ONT/QUE"
"785","3548","2006",83747,272,35411,229,162,6,"ONT/QUE"
"786","3548","2011",79118,247,34518,205,930,7,"ONT/QUE"
"787","3548","2016",68632,218,33541,181,1377,14,"ONT/QUE"
"788","3549","1996",95496,425,22282,308,80,12,"ONT/QUE"
"789","3549","2001",95810,392,23944,296,50,12,"ONT/QUE"
"790","3549","2006",82617,338,22625,247,76,7,"ONT/QUE"
"791","3549","2011",76987,326,23076,250,79,5,"ONT/QUE"
"792","3549","2016",66315,252,20197,198,13,3,"ONT/QUE"
"793","3551","1996",179617,316,34388,280,106,4,"ONT/QUE"
"794","3551","2011",158088,235,33289,209,664,5,"ONT/QUE"
"795","3552","1996",62010,193,16949,160,99,8,"ONT/QUE"
"796","3552","2001",58633,168,17701,140,59,11,"ONT/QUE"
"797","3552","2006",50799,143,18411,124,57,6,"ONT/QUE"
"798","3553","1996",25457,172,8208,136,836,23,"ONT/QUE"
"799","3553","2001",25414,159,9293,131,1267,19,"ONT/QUE"
"800","3553","2006",22892,160,8667,126,919,15,"ONT/QUE"
"801","3553","2011",20068,141,8024,103,1239,13,"ONT/QUE"
"802","3553","2016",17361,124,7745,88,2015,12,"ONT/QUE"
"803","3554","1996",210033,589,106421,522,1281,20,"ONT/QUE"
"804","3554","2001",214835,532,118092,491,1030,16,"ONT/QUE"
"805","3554","2006",205800,471,114118,429,1635,13,"ONT/QUE"
"806","3554","2011",192307,404,114791,374,4304,29,"ONT/QUE"
"807","3554","2016",176773,356,116725,322,11104,27,"ONT/QUE"
"808","3556","1996",82333,228,27436,206,90,7,"ONT/QUE"
"809","3556","2001",76872,204,29172,184,91,8,"ONT/QUE"
"810","3556","2006",75236,184,28437,160,7,3,"ONT/QUE"
"811","3556","2016",54533,159,19739,138,18,3,"ONT/QUE"
"812","3557","1996",95482,365,32637,298,219,23,"ONT/QUE"
"813","3557","2001",94124,337,34834,272,124,14,"ONT/QUE"
"814","3557","2006",95814,335,38292,266,97,16,"ONT/QUE"
"815","3557","2011",81005,317,32390,253,211,17,"ONT/QUE"
"816","3557","2016",74307,280,29423,226,107,17,"ONT/QUE"
"817","3558","1996",64643,307,26853,228,489,20,"ONT/QUE"
"818","3558","2001",59383,238,27748,187,519,15,"ONT/QUE"
"819","3558","2006",61850,252,29420,188,418,10,"ONT/QUE"
"820","3558","2011",59072,239,29663,183,388,8,"ONT/QUE"
"821","3558","2016",49219,202,25255,146,311,6,"ONT/QUE"
"822","3559","1996",180906,336,53247,300,419,6,"ONT/QUE"
"823","3559","2001",188080,326,57212,296,132,4,"ONT/QUE"
"824","3559","2006",211625,312,59374,283,4,3,"ONT/QUE"
"825","3559","2011",190660,278,57426,259,464,5,"ONT/QUE"
"826","3559","2016",160824,235,53311,212,1738,5,"ONT/QUE"
"827","3560","1996",37052,110,11546,78,28,4,"ONT/QUE"
"828","3560","2001",37992,103,12371,75,11,7,"ONT/QUE"
"829","4601","1996",448841,794,194922,672,13198,64,"PRAIRIE"
"830","4601","2001",446663,688,205481,609,20143,92,"PRAIRIE"
"831","4601","2006",449100,602,188303,497,7135,28,"PRAIRIE"
"832","4601","2011",407643,509,194369,431,11138,27,"PRAIRIE"
"833","4601","2016",371331,443,198141,381,19081,41,"PRAIRIE"
"834","4602","1996",814551,1942,579827,1466,78284,276,"PRAIRIE"
"835","4602","2001",818707,1655,563045,1257,28208,122,"PRAIRIE"
"836","4602","2006",805346,1493,578900,1097,33182,65,"PRAIRIE"
"837","4602","2011",783615,1264,574720,929,43885,76,"PRAIRIE"
"838","4602","2016",831267,1153,613117,892,82204,180,"PRAIRIE"
"839","4603","1996",1290861,2133,1135125,1902,284696,977,"PRAIRIE"
"840","4603","2001",1242252,1830,1107310,1655,156130,434,"PRAIRIE"
"841","4603","2006",1280705,1659,1137994,1446,121635,238,"PRAIRIE"
"842","4603","2011",1230711,1379,1088140,1225,164183,276,"PRAIRIE"
"843","4603","2016",1223565,1350,1105341,1220,231579,361,"PRAIRIE"
"844","4604","1996",1036262,1314,771114,1227,150092,634,"PRAIRIE"
"845","4604","2001",1027507,1191,758118,1114,61858,207,"PRAIRIE"
"846","4604","2006",1030891,1101,760988,1017,79119,175,"PRAIRIE"
"847","4604","2011",999091,919,744188,852,103978,165,"PRAIRIE"
"848","4604","2016",997748,926,775366,854,143396,257,"PRAIRIE"
"849","4605","1996",1837601,1731,1330626,1631,225386,713,"PRAIRIE"
"850","4605","2001",1780822,1556,1280342,1458,84542,194,"PRAIRIE"
"851","4605","2006",1800189,1385,1278468,1265,122011,184,"PRAIRIE"
"852","4605","2011",1684551,1118,1031925,1019,152819,186,"PRAIRIE"
"853","4605","2016",1725526,1092,1282517,1008,191667,237,"PRAIRIE"
"854","4606","1996",891120,971,511313,863,58421,244,"PRAIRIE"
"855","4606","2001",886277,892,505079,806,33456,90,"PRAIRIE"
"856","4606","2006",885986,798,468262,710,23732,60,"PRAIRIE"
"857","4606","2011",837898,679,435275,600,55897,69,"PRAIRIE"
"858","4606","2016",857110,690,492490,610,79927,115,"PRAIRIE"
"859","4607","1996",1187503,1490,796014,1277,82733,332,"PRAIRIE"
"860","4607","2001",1181266,1246,797366,1102,95774,213,"PRAIRIE"
"861","4607","2006",1214795,1147,795807,993,87952,150,"PRAIRIE"
"862","4607","2011",1153119,938,741695,806,112815,138,"PRAIRIE"
"863","4607","2016",1302208,999,921266,852,186066,221,"PRAIRIE"
"864","4608","1996",1206534,1444,768590,1299,110663,331,"PRAIRIE"
"865","4608","2001",1188225,1315,764573,1196,86002,213,"PRAIRIE"
"866","4608","2006",1169260,1157,727733,1046,70671,135,"PRAIRIE"
"867","4608","2011",1060841,957,659629,850,73116,103,"PRAIRIE"
"868","4608","2016",1065394,912,694637,814,98175,157,"PRAIRIE"
"869","4609","1996",612566,824,456473,715,68997,217,"PRAIRIE"
"870","4609","2001",629495,739,489075,654,70497,148,"PRAIRIE"
"871","4609","2006",599032,637,469164,563,55521,79,"PRAIRIE"
"872","4609","2011",597957,548,449195,480,69121,97,"PRAIRIE"
"873","4609","2016",595248,504,486880,445,99113,111,"PRAIRIE"
"874","4610","1996",443575,525,413100,482,81032,228,"PRAIRIE"
"875","4610","2001",444423,455,415614,423,46855,105,"PRAIRIE"
"876","4610","2006",452192,402,423127,365,43068,64,"PRAIRIE"
"877","4610","2011",448151,337,413102,308,56174,58,"PRAIRIE"
"878","4610","2016",460126,319,435522,289,77740,126,"PRAIRIE"
"879","4611","1996",46837,183,38592,127,7336,37,"PRAIRIE"
"880","4611","2001",54524,170,42064,129,1118,21,"PRAIRIE"
"881","4611","2006",69657,201,54442,150,2769,16,"PRAIRIE"
"882","4611","2011",45146,107,37047,63,2476,11,"PRAIRIE"
"883","4611","2016",74291,124,66220,82,7946,15,"PRAIRIE"
"884","4612","1996",328609,882,247557,748,19939,101,"PRAIRIE"
"885","4612","2001",319914,660,238583,579,15715,76,"PRAIRIE"
"886","4612","2006",297647,608,235499,499,15196,39,"PRAIRIE"
"887","4612","2011",272327,497,218134,404,10559,34,"PRAIRIE"
"888","4612","2016",284327,436,237524,361,29285,63,"PRAIRIE"
"889","4613","1996",283842,641,220255,570,16242,89,"PRAIRIE"
"890","4613","2001",266052,539,210018,472,15215,58,"PRAIRIE"
"891","4613","2006",264562,476,214064,404,14171,29,"PRAIRIE"
"892","4613","2011",244704,381,186979,315,16731,36,"PRAIRIE"
"893","4613","2016",232214,300,202659,259,24640,49,"PRAIRIE"
"894","4614","1996",610443,949,372542,792,41882,165,"PRAIRIE"
"895","4614","2001",598766,830,375952,695,19791,70,"PRAIRIE"
"896","4614","2006",594526,768,370511,627,14185,38,"PRAIRIE"
"897","4614","2011",580853,638,367210,518,27090,45,"PRAIRIE"
"898","4614","2016",523619,549,370609,473,41700,75,"PRAIRIE"
"899","4615","1996",2013268,2244,1199229,2097,116871,475,"PRAIRIE"
"900","4615","2001",1972996,1907,1195687,1786,72448,170,"PRAIRIE"
"901","4615","2006",2009048,1764,1192571,1623,87991,150,"PRAIRIE"
"902","4615","2011",1925826,1488,1119989,1350,112702,143,"PRAIRIE"
"903","4615","2016",1736572,1334,1100542,1226,171776,239,"PRAIRIE"
"904","4616","1996",930598,1083,512987,1019,32028,146,"PRAIRIE"
"905","4616","2001",910315,921,508123,847,17609,56,"PRAIRIE"
"906","4616","2006",897159,818,510947,745,29489,54,"PRAIRIE"
"907","4616","2011",849429,707,478433,641,45879,62,"PRAIRIE"
"908","4616","2016",859023,647,517438,591,71402,103,"PRAIRIE"
"909","4617","1996",2147802,2098,916554,1893,66873,245,"PRAIRIE"
"910","4617","2001",2124415,1812,953992,1675,55598,138,"PRAIRIE"
"911","4617","2006",2197814,1639,959038,1506,65079,155,"PRAIRIE"
"912","4617","2011",2029550,1359,857553,1214,58040,118,"PRAIRIE"
"913","4617","2016",1974534,1203,887335,1087,85399,144,"PRAIRIE"
"914","4618","1996",1728020,1795,548438,1534,28278,135,"PRAIRIE"
"915","4618","2001",1680074,1534,620500,1347,35641,144,"PRAIRIE"
"916","4618","2006",1818659,1382,645564,1190,34714,94,"PRAIRIE"
"917","4618","2011",1675948,1183,545422,1010,24304,65,"PRAIRIE"
"918","4618","2016",1483231,1074,550850,915,48649,110,"PRAIRIE"
"919","4619","1996",283857,165,41292,128,919,6,"PRAIRIE"
"920","4619","2011",301011,110,59979,86,3730,5,"PRAIRIE"
"921","4620","1996",840382,1028,497622,953,30727,87,"PRAIRIE"
"922","4620","2001",797310,885,494450,814,24305,51,"PRAIRIE"
"923","4620","2006",855046,798,499750,726,65806,102,"PRAIRIE"
"924","4620","2011",784120,664,481164,606,51195,85,"PRAIRIE"
"925","4620","2016",763572,590,489649,542,68475,96,"PRAIRIE"
"926","4621","1996",123459,147,59672,132,3157,12,"PRAIRIE"
"927","4621","2001",133049,122,77660,115,2028,10,"PRAIRIE"
"928","4621","2006",113911,109,55226,99,6917,4,"PRAIRIE"
"929","4621","2011",110981,95,62142,90,7403,5,"PRAIRIE"
"930","4621","2016",110522,72,67653,67,6843,8,"PRAIRIE"
"931","4701","1996",3397016,2961,2016994,2830,414375,1132,"PRAIRIE"
"932","4701","2001",3334535,2651,2038199,2540,205024,383,"PRAIRIE"
"933","4701","2006",3255337,2287,1965604,2136,114012,177,"PRAIRIE"
"934","4701","2011",3264613,1902,1683354,1719,142694,183,"PRAIRIE"
"935","4701","2016",3188358,1762,2158203,1655,250040,283,"PRAIRIE"
"936","4702","1996",4111021,2985,2235214,2920,179350,556,"PRAIRIE"
"937","4702","2001",4121632,2692,2417390,2596,280006,474,"PRAIRIE"
"938","4702","2006",3949074,2255,2276334,2128,113651,153,"PRAIRIE"
"939","4702","2011",3807695,1865,2033853,1705,159148,139,"PRAIRIE"
"940","4702","2016",3815403,1764,2461671,1657,260937,203,"PRAIRIE"
"941","4703","1996",4306852,2954,2029400,2879,43954,104,"PRAIRIE"
"942","4703","2001",4331661,2620,2313031,2543,70986,111,"PRAIRIE"
"943","4703","2006",4307019,2240,2363217,2132,68041,91,"PRAIRIE"
"944","4703","2011",4165748,1957,2367751,1859,166838,263,"PRAIRIE"
"945","4703","2016",4241020,1886,2623544,1782,289044,283,"PRAIRIE"
"946","4704","1996",5002938,2017,1306922,1875,16262,50,"PRAIRIE"
"947","4704","2001",5027236,1790,1428334,1636,13932,26,"PRAIRIE"
"948","4704","2006",5089839,1555,1488125,1401,43541,56,"PRAIRIE"
"949","4704","2011",4923374,1361,1477066,1237,65320,82,"PRAIRIE"
"950","4704","2016",4970752,1366,1740513,1185,143110,96,"PRAIRIE"
"951","4705","1996",3407147,3581,2111808,3417,397003,1242,"PRAIRIE"
"952","4705","2001",3306725,3231,2093902,3085,110010,234,"PRAIRIE"
"953","4705","2006",3252485,2736,2041831,2512,146434,231,"PRAIRIE"
"954","4705","2011",3159001,2295,1806333,2048,160506,178,"PRAIRIE"
"955","4705","2016",3171681,2131,2203299,1966,260453,289,"PRAIRIE"
"956","4706","1996",4153095,4510,2792627,4325,574279,1632,"PRAIRIE"
"957","4706","2001",4067478,3901,2998770,3737,256749,549,"PRAIRIE"
"958","4706","2006",4073382,3500,2978387,3282,180011,296,"PRAIRIE"
"959","4706","2011",3868267,2945,2829542,2771,303078,346,"PRAIRIE"
"960","4706","2016",4010201,2730,3202048,2540,487647,410,"PRAIRIE"
"961","4707","1996",4477117,3160,2081851,3018,57899,238,"PRAIRIE"
"962","4707","2001",4363294,2795,2467678,2681,162713,327,"PRAIRIE"
"963","4707","2006",4359718,2478,2499770,2332,99295,150,"PRAIRIE"
"964","4707","2011",4141872,2070,2498803,1952,224280,265,"PRAIRIE"
"965","4707","2016",4229388,1995,2698533,1856,438776,360,"PRAIRIE"
"966","4708","1996",5336453,3394,2204255,3269,56423,176,"PRAIRIE"
"967","4708","2001",5360174,3058,2543584,2921,147944,362,"PRAIRIE"
"968","4708","2006",5442333,2707,2510765,2539,85557,144,"PRAIRIE"
"969","4708","2011",5332788,2354,2838381,2241,206103,275,"PRAIRIE"
"970","4708","2016",5157173,2284,3239569,2147,410108,416,"PRAIRIE"
"971","4709","1996",2904925,3577,1757888,3430,86902,364,"PRAIRIE"
"972","4709","2001",2865995,3118,1749743,3010,51594,128,"PRAIRIE"
"973","4709","2006",2775039,2656,1698747,2487,97560,165,"PRAIRIE"
"974","4709","2011",2685520,2244,1699433,2091,121094,130,"PRAIRIE"
"975","4709","2016",2600231,2003,1806477,1870,244642,268,"PRAIRIE"
"976","4710","1996",2771565,2875,1847096,2775,319049,912,"PRAIRIE"
"977","4710","2001",2757106,2534,1977685,2462,75347,192,"PRAIRIE"
"978","4710","2006",2614453,2135,1822034,2001,88995,195,"PRAIRIE"
"979","4710","2011",2503018,1764,1760061,1667,86578,127,"PRAIRIE"
"980","4710","2016",2533824,1583,1928444,1506,214128,247,"PRAIRIE"
"981","4711","1996",4019224,3947,2523951,3669,421831,1060,"PRAIRIE"
"982","4711","2001",4008530,3564,2763090,3308,178664,423,"PRAIRIE"
"983","4711","2006",3959733,3273,2679561,2940,151346,270,"PRAIRIE"
"984","4711","2011",3653036,2614,2579327,2394,251863,316,"PRAIRIE"
"985","4711","2016",3819044,2454,2796980,2231,414450,426,"PRAIRIE"
"986","4712","1996",3366055,2774,1931100,2573,138533,531,"PRAIRIE"
"987","4712","2001",3283739,2377,2039613,2206,201383,500,"PRAIRIE"
"988","4712","2006",3262986,2100,1943146,1927,93024,160,"PRAIRIE"
"989","4712","2011",3013293,1727,1987263,1575,178939,221,"PRAIRIE"
"990","4712","2016",3092230,1627,2228301,1493,333550,257,"PRAIRIE"
"991","4713","1996",4168686,3026,2195879,2930,189546,647,"PRAIRIE"
"992","4713","2001",4162434,2744,2397139,2635,131742,389,"PRAIRIE"
"993","4713","2006",4071963,2407,2344289,2256,99859,194,"PRAIRIE"
"994","4713","2011",3979567,2010,2619301,1900,200685,234,"PRAIRIE"
"995","4713","2016",3958478,1911,2870171,1790,316642,281,"PRAIRIE"
"996","4714","1996",3590213,4303,2474774,4096,214304,782,"PRAIRIE"
"997","4714","2001",3513425,3812,2567447,3592,174204,488,"PRAIRIE"
"998","4714","2006",3552579,3348,2490835,3069,254438,432,"PRAIRIE"
"999","4714","2011",3333269,2636,2407565,2441,209019,354,"PRAIRIE"
"1000","4714","2016",3288914,2458,2604476,2298,375252,486,"PRAIRIE"
"1001","4715","1996",3920815,5053,2734582,4780,363993,1220,"PRAIRIE"
"1002","4715","2001",3820084,4382,2857348,4151,139928,403,"PRAIRIE"
"1003","4715","2006",3770590,3875,2741159,3602,175590,396,"PRAIRIE"
"1004","4715","2011",3484609,3094,2644199,2864,319335,453,"PRAIRIE"
"1005","4715","2016",3480716,2798,2719036,2612,347222,412,"PRAIRIE"
"1006","4716","1996",3447637,3223,1825967,3023,80731,238,"PRAIRIE"
"1007","4716","2001",3338903,2869,1837508,2701,63672,160,"PRAIRIE"
"1008","4716","2006",3286856,2518,1731596,2321,71269,140,"PRAIRIE"
"1009","4716","2011",3113254,2106,1707243,1933,157701,177,"PRAIRIE"
"1010","4716","2016",3004393,1914,1757304,1725,212559,215,"PRAIRIE"
"1011","4717","1996",3272829,2655,1509537,2417,36137,143,"PRAIRIE"
"1012","4717","2001",3240879,2460,1504291,2251,35371,133,"PRAIRIE"
"1013","4717","2006",3230459,2259,1391825,1991,57752,148,"PRAIRIE"
"1014","4717","2011",3169028,1971,1434903,1753,62932,91,"PRAIRIE"
"1015","4717","2016",2986800,1837,1429088,1616,135702,212,"PRAIRIE"
"1016","4801","1996",4115897,1817,1030506,1573,52789,110,"PRAIRIE"
"1017","4801","2001",4220370,1636,1032234,1386,43521,147,"PRAIRIE"
"1018","4801","2006",4202803,1536,1156204,1287,53408,107,"PRAIRIE"
"1019","4801","2011",4039012,1351,1184931,1155,103421,150,"PRAIRIE"
"1020","4801","2016",4088919,1303,1424716,1055,218486,151,"PRAIRIE"
"1021","4802","1996",4151773,3795,1874895,3320,149560,497,"PRAIRIE"
"1022","4802","2001",4266396,3329,1857530,2927,177654,668,"PRAIRIE"
"1023","4802","2006",4288550,3164,1915894,2704,192345,535,"PRAIRIE"
"1024","4802","2011",4303351,2790,2107254,2400,300078,561,"PRAIRIE"
"1025","4802","2016",4335861,2669,2308592,2307,501774,684,"PRAIRIE"
"1026","4803","1996",2981478,2345,1181019,1754,86911,55,"PRAIRIE"
"1027","4803","2001",2669885,2043,1136059,1632,39655,90,"PRAIRIE"
"1028","4803","2006",2743961,1811,1128300,1420,38258,64,"PRAIRIE"
"1029","4803","2011",2769432,1717,1104531,1344,121264,120,"PRAIRIE"
"1030","4803","2016",2816491,1709,1065091,1296,204845,207,"PRAIRIE"
"1031","4804","1996",4968599,1572,1119148,1443,19787,50,"PRAIRIE"
"1032","4804","2001",4790253,1487,1148371,1354,19157,63,"PRAIRIE"
"1033","4804","2006",5009680,1302,1188994,1152,18263,46,"PRAIRIE"
"1034","4804","2011",4806647,1216,1162570,1082,22519,33,"PRAIRIE"
"1035","4804","2016",4576121,1192,1257139,1021,37949,40,"PRAIRIE"
"1036","4805","1996",3913851,3165,2274887,2865,86016,246,"PRAIRIE"
"1037","4805","2001",3881126,2875,2343561,2594,83918,219,"PRAIRIE"
"1038","4805","2006",4018933,2703,2578766,2377,129292,199,"PRAIRIE"
"1039","4805","2011",3887027,2371,2651251,2104,218814,254,"PRAIRIE"
"1040","4805","2016",4079942,2427,2973947,2117,359133,370,"PRAIRIE"
"1041","4806","1996",2982989,5126,1461621,3984,28932,100,"PRAIRIE"
"1042","4806","2001",3015885,4941,1484661,3934,36083,120,"PRAIRIE"
"1043","4806","2006",3069120,4905,1503996,3818,41576,135,"PRAIRIE"
"1044","4806","2011",2825114,4186,1419428,3299,83727,230,"PRAIRIE"
"1045","4806","2016",3036285,3905,1381772,3016,126216,234,"PRAIRIE"
"1046","4807","1996",4589105,3664,2316607,3298,71788,187,"PRAIRIE"
"1047","4807","2001",4618149,3316,2345174,2980,68333,188,"PRAIRIE"
"1048","4807","2006",4559982,3019,2221333,2635,84564,176,"PRAIRIE"
"1049","4807","2011",4441566,2701,2244580,2393,95052,102,"PRAIRIE"
"1050","4807","2016",4545279,2688,2334500,2329,139006,149,"PRAIRIE"
"1051","4808","1996",2334047,4960,1302000,3980,23420,99,"PRAIRIE"
"1052","4808","2001",2366009,4542,1335829,3662,16836,70,"PRAIRIE"
"1053","4808","2006",2347848,4203,1244067,3351,30739,126,"PRAIRIE"
"1054","4808","2011",2285289,3682,1276681,3012,75350,182,"PRAIRIE"
"1055","4808","2016",2443685,3591,1380890,2850,69736,181,"PRAIRIE"
"1056","4809","1996",724576,1377,200595,1062,816,6,"PRAIRIE"
"1057","4809","2001",795430,1268,203000,1002,1453,7,"PRAIRIE"
"1058","4809","2006",846781,1209,205891,940,1671,11,"PRAIRIE"
"1059","4809","2011",715023,1096,193439,875,2807,8,"PRAIRIE"
"1060","4809","2016",674831,1013,165053,790,1211,9,"PRAIRIE"
"1061","4810","1996",4846742,6565,2925104,5841,59577,169,"PRAIRIE"
"1062","4810","2001",4723840,5694,2903585,5134,93793,232,"PRAIRIE"
"1063","4810","2006",4720015,5217,2857276,4529,141487,333,"PRAIRIE"
"1064","4810","2011",4825579,4616,2968030,4083,108631,191,"PRAIRIE"
"1065","4810","2016",4708299,4431,3043290,3847,182645,296,"PRAIRIE"
"1066","4811","1996",2869357,7359,1551989,5811,30728,171,"PRAIRIE"
"1067","4811","2001",2830298,6618,1564057,5222,26730,143,"PRAIRIE"
"1068","4811","2006",2869267,6060,1592851,4696,57432,202,"PRAIRIE"
"1069","4811","2011",2568471,5034,1470974,4049,46309,191,"PRAIRIE"
"1070","4811","2016",2582764,4589,1512714,3638,102538,280,"PRAIRIE"
"1071","4812","1996",2394778,2939,889991,2561,19253,54,"PRAIRIE"
"1072","4812","2001",2604444,2830,967875,2481,11158,55,"PRAIRIE"
"1073","4812","2006",2462573,2530,874898,2142,48600,160,"PRAIRIE"
"1074","4812","2011",2319113,2220,873003,1932,42629,59,"PRAIRIE"
"1075","4812","2016",2175166,1987,841007,1695,50211,125,"PRAIRIE"
"1076","4813","1996",3114934,5466,1520063,4770,20360,149,"PRAIRIE"
"1077","4813","2001",3102847,4921,1579758,4346,17585,86,"PRAIRIE"
"1078","4813","2006",3043952,4476,1427880,3784,43208,174,"PRAIRIE"
"1079","4813","2011",2836077,3833,1454587,3305,63536,179,"PRAIRIE"
"1080","4813","2016",2730850,3477,1468125,2922,120338,296,"PRAIRIE"
"1081","4814","1996",512823,927,155865,755,976,13,"PRAIRIE"
"1082","4814","2001",537326,904,175636,751,164,6,"PRAIRIE"
"1083","4814","2006",512896,785,157269,630,2567,12,"PRAIRIE"
"1084","4814","2011",480869,695,155462,552,704,8,"PRAIRIE"
"1085","4814","2016",453382,611,155032,485,6586,15,"PRAIRIE"
"1086","4817","1996",2751855,3088,1354178,2860,27992,99,"PRAIRIE"
"1087","4817","2001",2800113,2758,1415400,2553,75401,186,"PRAIRIE"
"1088","4817","2006",2677036,2513,1296188,2221,129836,304,"PRAIRIE"
"1089","4817","2011",2595180,2231,1352195,2026,208768,338,"PRAIRIE"
"1090","4817","2016",2455978,1961,1360762,1780,213785,324,"PRAIRIE"
"1091","4818","1996",692648,798,265799,693,3982,17,"PRAIRIE"
"1092","4818","2001",735103,821,308221,726,6273,25,"PRAIRIE"
"1093","4818","2006",731147,721,288724,611,8196,15,"PRAIRIE"
"1094","4818","2011",734790,639,305074,543,18642,21,"PRAIRIE"
"1095","4818","2016",653706,534,293024,459,25425,42,"PRAIRIE"
"1096","4819","1996",3591403,3889,2154821,3628,56870,163,"PRAIRIE"
"1097","4819","2001",3576891,3531,2225532,3294,129359,301,"PRAIRIE"
"1098","4819","2006",3512853,3147,2129803,2828,196589,294,"PRAIRIE"
"1099","4819","2011",3396940,2734,2165339,2467,314715,338,"PRAIRIE"
"1100","4819","2016",3344632,2423,2280597,2204,316760,352,"PRAIRIE"
"1101","5901","1996",198985,474,25262,300,57,10,"BC"
"1102","5901","2001",245212,418,26661,285,28,9,"BC"
"1103","5901","2006",241327,395,25003,283,33,7,"BC"
"1104","5901","2011",197863,396,24259,275,45,4,"BC"
"1105","5901","2016",176978,348,21443,245,26,4,"BC"
"1106","5903","1996",56872,594,27364,452,2188,89,"BC"
"1107","5903","2001",67474,609,28582,463,1675,82,"BC"
"1108","5903","2006",67554,562,28253,441,2634,65,"BC"
"1109","5903","2011",61116,552,27282,428,1565,73,"BC"
"1110","5903","2016",52551,537,25330,426,840,67,"BC"
"1111","5905","1996",118946,357,19610,268,549,18,"BC"
"1112","5905","2001",140645,353,20763,284,234,16,"BC"
"1113","5905","2006",131609,392,16291,285,652,12,"BC"
"1114","5905","2011",107344,325,14125,251,212,13,"BC"
"1115","5905","2016",84613,272,11078,213,212,12,"BC"
"1116","5907","1996",168331,1754,29352,1534,10465,936,"BC"
"1117","5907","2001",189941,1611,30675,1427,9977,821,"BC"
"1118","5907","2006",210635,1621,30989,1404,10911,686,"BC"
"1119","5907","2011",207713,1506,29403,1360,10427,646,"BC"
"1120","5907","2016",201237,1292,24887,1183,8357,577,"BC"
"1121","5909","1996",134559,2977,73598,1937,11826,455,"BC"
"1122","5909","2001",120267,2661,78578,1866,13541,454,"BC"
"1123","5909","2006",139870,2567,82519,1796,14998,379,"BC"
"1124","5909","2011",157746,2743,89920,1942,17606,462,"BC"
"1125","5909","2016",150371,2576,91957,1849,16715,473,"BC"
"1126","5915","1996",98041,3464,58033,1882,16678,467,"BC"
"1127","5915","2001",98187,2854,56747,1657,16189,414,"BC"
"1128","5915","2006",101400,2618,59517,1565,17172,307,"BC"
"1129","5915","2011",100549,2821,61156,1790,21386,408,"BC"
"1130","5915","2016",94839,2412,61495,1615,26190,425,"BC"
"1131","5917","1996",37210,1082,10617,722,1361,78,"BC"
"1132","5917","2001",38322,974,12966,676,1379,62,"BC"
"1133","5917","2006",33514,991,9534,675,1121,46,"BC"
"1134","5917","2011",33621,1093,11742,781,405,45,"BC"
"1135","5917","2016",32779,1003,11032,743,759,40,"BC"
"1136","5919","1996",33744,772,13584,470,1385,42,"BC"
"1137","5919","2001",34586,691,14713,469,344,32,"BC"
"1138","5919","2006",28562,700,12747,474,107,16,"BC"
"1139","5919","2011",26779,685,13217,472,321,20,"BC"
"1140","5919","2016",24923,632,12845,456,264,15,"BC"
"1141","5921","1996",24727,493,7993,310,584,27,"BC"
"1142","5921","2001",29853,490,10007,333,381,25,"BC"
"1143","5921","2006",20466,461,8237,294,769,9,"BC"
"1144","5921","2011",19614,478,6985,306,501,15,"BC"
"1145","5921","2016",28592,455,6669,313,518,15,"BC"
"1146","5923","1996",6127,80,2211,55,90,4,"BC"
"1147","5925","1996",33119,439,11218,320,604,27,"BC"
"1148","5925","2001",33853,445,10442,332,675,27,"BC"
"1149","5925","2006",31849,497,12722,339,621,19,"BC"
"1150","5926","2011",27891,432,10574,325,381,11,"BC"
"1151","5926","2016",23854,416,10654,303,565,12,"BC"
"1152","5927","1996",3690,96,353,55,18,6,"BC"
"1153","5927","2001",3935,98,401,59,18,3,"BC"
"1154","5927","2006",4009,85,466,59,17,3,"BC"
"1155","5927","2011",4429,94,532,69,6,4,"BC"
"1156","5929","1996",4028,107,893,63,37,6,"BC"
"1157","5929","2001",2003,97,599,66,17,6,"BC"
"1158","5929","2011",1535,89,358,54,4,3,"BC"
"1159","5931","1996",34591,123,6286,100,681,19,"BC"
"1160","5931","2001",37450,121,6938,97,649,18,"BC"
"1161","5931","2006",48396,129,7822,97,629,17,"BC"
"1162","5931","2011",50935,140,8565,115,573,15,"BC"
"1163","5931","2016",18962,138,5897,101,507,14,"BC"
"1164","5933","1996",1005246,1150,74260,782,442,45,"BC"
"1165","5933","2001",942432,1175,79887,817,719,37,"BC"
"1166","5933","2006",1194436,1211,83643,801,525,33,"BC"
"1167","5933","2011",1141706,1177,79119,800,942,25,"BC"
"1168","5933","2016",1354713,1017,73561,663,1552,26,"BC"
"1169","5935","1996",78695,1157,16978,963,9668,601,"BC"
"1170","5935","2001",59476,1102,19108,899,9532,508,"BC"
"1171","5935","2006",67214,1017,16901,826,7940,445,"BC"
"1172","5935","2011",77511,1020,15764,836,7838,372,"BC"
"1173","5935","2016",57973,879,14111,725,7788,305,"BC"
"1174","5937","1996",144732,1187,45186,925,2187,132,"BC"
"1175","5937","2001",179414,1175,50361,939,1362,109,"BC"
"1176","5937","2006",189343,1227,51620,954,2105,107,"BC"
"1177","5937","2011",208407,1167,51900,909,1942,94,"BC"
"1178","5937","2016",200985,1039,47868,788,1969,89,"BC"
"1179","5939","1996",83252,685,22494,492,507,47,"BC"
"1180","5939","2001",104484,616,24057,461,355,24,"BC"
"1181","5939","2006",102669,624,23185,472,1286,37,"BC"
"1182","5939","2011",94921,616,28289,487,1446,37,"BC"
"1183","5939","2016",101952,532,25301,422,228,25,"BC"
"1184","5941","1996",1046469,1149,122139,835,43,12,"BC"
"1185","5941","2001",988860,1188,145724,892,850,13,"BC"
"1186","5941","2006",1201127,1160,133742,851,235,7,"BC"
"1187","5941","2011",982967,1123,124661,849,278,7,"BC"
"1188","5941","2016",931481,919,111090,704,7,5,"BC"
"1189","5949","1996",31537,184,6626,131,13,6,"BC"
"1190","5951","1996",590231,970,131072,772,146,9,"BC"
"1191","5951","2006",673332,886,141968,713,55,5,"BC"
"1192","5951","2016",606346,747,136564,609,1567,14,"BC"
"1193","5953","1996",242700,650,56075,481,171,14,"BC"
"1194","5953","2001",248302,629,63880,486,341,10,"BC"
"1195","5953","2006",266825,621,62545,459,43,7,"BC"
"1196","5953","2011",236775,558,61677,442,65,10,"BC"
"1197","5953","2016",229055,492,54198,382,15,4,"BC"
"1198","5955","1996",2068725,1823,635478,1591,5401,24,"BC"
"1199","5955","2001",2146354,1774,690403,1570,10289,42,"BC"
"1200","5955","2006",2188081,1699,626987,1434,11965,28,"BC"
"1201","5955","2011",2034907,1532,663138,1353,36471,37,"BC"
"1202","5955","2016",1963496,1311,675119,1166,37794,31,"BC"
